idx,rating,truth,llm_sent,llm_emotion,parse_ok,title,asin
0,5.0,POS,POSITIVE,joy,True,Great gift,B00IX1I3G6
1,5.0,POS,POSITIVE,joy,True,amazon gift card,B005ESMMWW
2,5.0,POS,POSITIVE,joy,True,perfect gift,B01K8RIM5Y
3,5.0,POS,POSITIVE,joy,True,Nice looking,B0091JKVU0
4,1.0,NEG,NEGATIVE,anger,True,Not $10 Gift Cards,B00FTGTM5E
5,5.0,POS,POSITIVE,joy,True,Cute!,B072L7GTF5
6,5.0,POS,POSITIVE,joy,True,Easy gift,B00IX1I3G6
7,5.0,POS,POSITIVE,joy,True,Great gift,B072P5VV4D
8,5.0,POS,POSITIVE,joy,True,Gifts for my two granddaughters,B072P5VV4D
9,5.0,POS,POSITIVE,joy,True,"Great for saying “thank you” to the mail person, farrier, yard man,etc",B071NM2PNL
10,5.0,POS,POSITIVE,joy,True,"Convenient, safe, and perfect gift",B01GKWEH64
11,5.0,POS,POSITIVE,trust,True,Giftcard,B084RMVP59
12,5.0,POS,POSITIVE,joy,True,Simple giftcard!,B07HJHK8Y5
13,5.0,POS,POSITIVE,joy,True,Great giftcard,B0866T1TQJ
14,5.0,POS,POSITIVE,joy,True,Easy..,B00IX1I3G6
15,1.0,NEG,NEGATIVE,anger,True,One Star,B00X6G8WCI
16,5.0,POS,POSITIVE,joy,True,Great Product.,B01K8RMDO0
17,5.0,POS,NEGATIVE,anger,True,No note attached to sent gift card,B01IE42ST4
18,5.0,POS,POSITIVE,joy,True,Gift card,B06W5SBSL7
19,5.0,POS,POSITIVE,joy,True,Good,B078VSWVGY
20,5.0,POS,POSITIVE,joy,True,Good Product,B072F9T6VX
21,5.0,POS,POSITIVE,joy,True,Good Product,B01C9MW8Z6
22,5.0,POS,POSITIVE,joy,True,Good Product,B072BQ7XSH
23,5.0,POS,POSITIVE,joy,True,Good Product,B01IE42ST4
24,5.0,POS,POSITIVE,joy,True,Good Product,B07HJD9FVV
25,5.0,POS,POSITIVE,trust,True,Good product,B07HJHK8Y5
26,5.0,POS,POSITIVE,joy,True,Good product,B00BXLWD0U
27,5.0,POS,POSITIVE,joy,True,Good Product,B01MSBQB1P
28,5.0,POS,POSITIVE,joy,True,Good Product,B01K8RMDO0
29,5.0,POS,POSITIVE,joy,True,Good,B07PFLG7VG
30,5.0,POS,POSITIVE,joy,True,Gift card,B07FK7L976
31,5.0,POS,POSITIVE,joy,True,So easy,B00IX1I3G6
32,2.0,NEG,NEGATIVE,anger,True,Mistake,B00IX1I3G6
33,5.0,POS,POSITIVE,joy,True,Great gift idea,B01K8RL9C2
34,5.0,POS,POSITIVE,joy,True,Secure,B01K8RL9C2
35,5.0,POS,POSITIVE,joy,True,Birthday surprise!,B01C9MW8Z6
36,5.0,POS,POSITIVE,joy,True,Birthday Gift,B077T9WSSN
37,5.0,POS,POSITIVE,joy,True,Fun,B01MSBQB1P
38,5.0,POS,POSITIVE,anticipation,True,Reload is super easy.,B00IX1I3G6
39,5.0,POS,POSITIVE,joy,True,Convenience of giftabiliy.,B071NM2PNL
40,5.0,POS,POSITIVE,joy,True,Great Gift Package,B014S24J16
41,5.0,POS,POSITIVE,joy,True,Grest Sandwitches !!,B00CIECDEM
42,5.0,POS,POSITIVE,joy,True,GOOD PIZZA !!,B00HLAO738
43,5.0,POS,POSITIVE,joy,True,We like this Store and they stock Tons of different Items for all kinds of Pets,B015726JLY
44,5.0,POS,POSITIVE,joy,True,Money was loaded on card,B076CV42TK
45,5.0,POS,POSITIVE,joy,True,👍,B07HJHK8Y5
46,5.0,POS,POSITIVE,joy,True,Love it!!,B086KKT3RX
47,5.0,POS,POSITIVE,joy,True,Five Stars,B0091JKY0M
48,5.0,POS,POSITIVE,joy,True,So cool you can get a free tin with the gift ...,B072P5VV4D
49,5.0,POS,POSITIVE,joy,True,Reccomend,B00IX1I3G6
50,5.0,POS,POSITIVE,anticipation,True,Little sister surprise,B0091JKYLQ
51,1.0,NEG,NEGATIVE,disgust,True,"The added value was great, but no more",B00IX1I3G6
52,4.0,POS,POSITIVE,joy,True,Perfect gift!,B07Q8KN5TJ
53,4.0,POS,POSITIVE,joy,True,Great staff appreciation gift!,B07Y5YJK66
54,5.0,POS,POSITIVE,joy,True,Cute cute cute!,B01C9MW8Z6
55,5.0,POS,POSITIVE,joy,True,Five Stars,B00IX1I3G6
56,5.0,POS,POSITIVE,joy,True,As described.,B086KKT3RX
57,5.0,POS,POSITIVE,joy,True,Perfect gift for any occasion. Let them pick out what they love!,B01MDLOM4V
58,5.0,POS,POSITIVE,joy,True,12 year old daughter loved this gift!,B005ESMHN6
59,5.0,POS,POSITIVE,joy,True,Easy to send to an Amazon shopper,B00IX1I3G6
60,5.0,POS,POSITIVE,joy,True,Rec'd promo from Amazon when reloading gift card.,B00IX1I3G6
61,5.0,POS,POSITIVE,joy,True,Saves a Little Over time.,B00IX1I3G6
62,5.0,POS,POSITIVE,joy,True,What a great company,B005ESMF5G
63,1.0,NEG,NEGATIVE,anger,True,A problem to use at drive thru's,B07RN957Q8
64,5.0,POS,POSITIVE,joy,True,A gift card does make a great gift for a tweenager.,B00IX1I3G6
65,5.0,POS,POSITIVE,joy,True,Nice to have,B00IX1I3G6
66,5.0,POS,POSITIVE,joy,True,Excellent Gift,B071NM2PNL
67,5.0,POS,POSITIVE,joy,True,Yay so easy!,B00IX1I3G6
68,5.0,POS,POSITIVE,joy,True,:),B086KKT3RX
69,5.0,POS,POSITIVE,joy,True,10/10,B00IX1I3G6
70,5.0,POS,POSITIVE,joy,True,Perfect for a birthday 🎂,B06ZY43PDR
71,5.0,POS,POSITIVE,joy,True,Perfect!,B07FKKBFHS
72,5.0,POS,POSITIVE,joy,True,Gift box nice!,B01K8RIM5Y
73,5.0,POS,POSITIVE,joy,True,It was soooo easy,B086KKT3RX
74,5.0,POS,POSITIVE,joy,True,great,B005ESMGZU
75,5.0,POS,POSITIVE,joy,True,Amazon Thinks of Everything!,B00IT0NO10
76,5.0,POS,POSITIVE,joy,True,Amazon lover giftee?  Buy it!,B0866QM41K
77,5.0,POS,POSITIVE,joy,True,Timing,B00IX1I3G6
78,5.0,POS,POSITIVE,joy,True,Was easy to do,B086KKT3RX
79,5.0,POS,POSITIVE,joy,True,PENGUINS,B07FKK8SFR
80,5.0,POS,POSITIVE,joy,True,Believe this is the best gift to give !,B0866QM41K
81,5.0,POS,POSITIVE,joy,True,convenient,B01MSBQB1P
82,5.0,POS,POSITIVE,joy,True,Five Stars,B005ESMM04
83,5.0,POS,POSITIVE,joy,True,Best gift for someone you don’t know what to get,B07641P3WL
84,5.0,POS,POSITIVE,joy,True,Great value,B07674CBVT
85,5.0,POS,POSITIVE,joy,True,Sweet gift!,B07DDC8FJM
86,5.0,POS,POSITIVE,joy,True,Amazing,B07HJD9FVV
87,5.0,POS,POSITIVE,joy,True,Great Holder,B07FK7L976
88,5.0,POS,POSITIVE,joy,True,Gift card,B07HJHK8Y5
89,5.0,POS,POSITIVE,joy,True,Starbuck gift card,B076ZTSX5V
90,5.0,POS,POSITIVE,joy,True,Good litte thank-you gifts,B00FTGTM5E
91,3.0,NEG,NEGATIVE,sadness,True,Okay as a gift,B07GH6WX29
92,5.0,POS,POSITIVE,trust,True,Good gift,B07FMJVVKW
93,5.0,POS,POSITIVE,joy,True,So convenient.,B07HJHK8Y5
94,5.0,POS,POSITIVE,joy,True,Just what was ordered.,B00IX1I3G6
95,5.0,POS,POSITIVE,joy,True,Can Do It From Home,B086KKT3RX
96,5.0,POS,POSITIVE,joy,True,Love it!,B00IX1I3G6
97,5.0,POS,POSITIVE,trust,True,Easy to use,B086KKT3RX
98,3.0,NEG,POSITIVE,joy,True,Easy to use,B00IX1I3G6
99,5.0,POS,POSITIVE,joy,True,Perfect gift sent I a lovely container,B01K8RJDEI
